sepal_length,sepal_width,petal_length,petal_width,species
8.269100963580065,3.6559067324791097,5.5212229165562,1.4943416602493234,setosa
5.684207944102086,2.6580209386444245,1.8630593489298437,0.34485018082758234,versicolor
8.76106840755646,4.475893674946529,2.840393158385729,0.5349512700308048,setosa
6.565718638077456,2.6923670565505278,1.0935278773585155,-0.272941208452048,virginica
7.907880784562091,2.7904331939185094,6.968720696563665,-0.35578657697565347,versicolor
8.059130547152556,4.430477874868162,5.432007231427379,0.5932824747317844,setosa
6.779536541022167,2.310707879442285,7.277768488143591,-0.2388529248773404,virginica
6.241710261579841,3.6585576545547047,0.8492854086456894,0.11284924308927002,setosa
6.266110188489325,3.733858959306509,3.3913660365535208,0.4612468598067247,versicolor
7.616128960648485,2.175482594650389,6.640567056324441,0.33992498390497916,versicolor
6.8374057667173,2.8725818543964823,0.5947091195001546,0.8620853839435916,setosa
6.203881630985773,3.6370215696505097,4.767646238756758,1.4802585006468445,versicolor
7.378936960252386,3.2482350939747366,0.9959333499309584,-0.2600663422265312,versicolor
8.53658662150313,2.0348221541611817,6.859502431173862,0.04897330132671521,virginica
6.561424300539948,4.096847852990001,0.9507829356642608,-0.038701852396282044,virginica
8.382814278699518,2.8831266985268167,1.677355287326829,0.34414410396161266,versicolor
6.8771730694848365,2.1913424023189263,5.014780005154485,-0.32148188474070033,virginica
7.735175851427844,3.5278237889160975,2.450024477033131,0.07034688721506135,virginica
5.283858869769793,2.1047756856687183,2.4317306347205294,0.12270287533998703,versicolor
6.818323150732358,1.8496561369226248,0.9923516216262411,0.6950737081710291,virginica
6.675972071873542,2.5500210458780113,4.299972613269328,0.5154750814322446,virginica
7.961254709972989,3.004287470592869,3.7578947364852926,-0.12803223543181946,setosa
6.6721174939972405,2.6751636451908745,1.1713811262478435,0.7443840731609442,versicolor
8.494225086034453,2.4639087992012403,6.020660093447007,-0.23754188273036508,virginica
6.450797915490107,3.0183930708486324,1.9700291994773276,-0.05880476787399613,setosa
6.720860801180142,2.714745805254763,0.9164668566710983,-0.11263080403670406,versicolor
6.825628195256634,3.023792881478047,4.606068130696582,0.11304405457574743,setosa
5.924042911543681,3.292730310407562,3.0987854339698324,-0.35532943446656856,virginica
7.404000630899327,2.2215169495341414,2.9146525860103276,-0.11207184731051578,versicolor
8.421629897161928,2.4463791475207772,2.0195273437265455,-0.360142543608936,setosa
8.278493586061268,2.595881669293327,5.639513782647495,0.3682503767225507,versicolor
5.4011903737400155,3.218739272448432,1.1556267858734321,1.0344540614509317,setosa
6.595209044954361,2.1357125179022654,5.62169017260913,-0.19540006132568527,virginica
7.736414790428385,3.0115557568552025,2.2514352421374726,-0.13731046574027161,versicolor
7.936357641031783,3.347361109686607,5.7105036420593835,-0.41676939718959966,setosa
7.278858593504901,3.3381227290693887,1.2691558924454585,1.0990429102450197,setosa
7.418801017519306,3.7610536204144003,3.4890395242445242,0.5493524593357304,virginica
7.67317852544643,2.7244293033871396,4.854869199225268,-0.0817916910142521,versicolor
6.761667483344751,2.5914770682052195,1.6343685109023496,1.073543966417552,setosa
7.627162068346683,3.280901806553004,0.37682228886248037,-0.2870321915768627,setosa
7.6966913731978845,2.126393975729652,5.530971714687271,0.5373867599040432,versicolor
6.660630189186461,2.0407237124503403,1.283549851763041,1.9831205371120626,setosa
5.889028251071455,3.422446536148448,1.6742173334829136,0.5949730268729279,versicolor
8.923692476075287,4.089290393569568,4.833266818307157,0.005240684241642812,versicolor
6.22844018777791,3.0957523571937178,6.857466390446629,0.48888913023255465,virginica
7.760454092692697,2.4718280173397114,1.5558852316567013,0.47690838788494805,setosa
8.357812675354714,2.8889014590133586,1.8922255542250948,1.2333453323211203,virginica
6.1800976241462635,2.6651884057299724,4.653143016875014,0.277759089220863,versicolor
8.688239391728517,3.3486525232283646,1.0105137812105882,1.5302958093253327,setosa
5.473676586770345,3.6629183267600833,1.7583374021709104,-0.3882117208005144,setosa
6.343410936500757,2.8584254404664393,2.9245821597566914,2.1228628275413652,versicolor
6.605686634218286,2.8772662883526423,1.1779065449444417,0.16025730600353638,setosa
8.084679236800403,2.6929142684974963,1.589721937591532,0.5285050671652336,versicolor
8.252120656395576,2.8162196060221873,1.1050841891176908,0.5963277250232306,virginica
6.450603903874869,3.314741062347143,5.019574258015302,-0.32148943885200204,versicolor
8.030034736977347,2.8181579415587836,3.1910369617115673,-0.33728627333710487,setosa
5.7396816371450665,2.3375154775352147,2.2633257629848056,-0.3246889138041223,setosa
8.67410162943661,2.002317313293787,2.089923227443383,0.45391623108429524,virginica
7.799099326954506,3.6274940034896286,1.4517091016875203,-0.2799466727265834,virginica
8.655349567270083,2.718261275651227,3.8688963996210477,0.5838177645364018,versicolor
8.716894025456961,3.109314289372943,2.7413986857411876,0.6224141260567617,setosa
8.599604361440718,2.4596914519279798,5.405838149331654,-0.27323919201232444,setosa
7.778539404173117,2.462479816548166,1.7132877403814595,-0.14924225580643125,virginica
7.170057707628225,2.14552065934806,1.612457597038853,0.8126432367423403,virginica
7.804289597638427,2.355739346032268,6.870083843942845,0.3715454020970761,setosa
8.066683673607283,4.4123984394961235,3.8367416919604462,-0.032885471754814155,versicolor
5.276647115972345,3.1759502589879434,4.702181170523522,1.0540115758136814,versicolor
8.707793858601613,4.109683572707037,7.509367617593366,-0.4304090815518082,versicolor
6.78010959681792,3.3554802630190954,1.4157256438370909,0.09597109142763349,virginica
6.249819519522986,2.8107409598489568,4.936562977459326,0.07056250008056272,virginica
6.592140668416945,2.2704250440105485,1.32239671492113,-0.3695224693591566,virginica
7.631800438643185,3.923186019363332,3.3392475006430082,0.3206408014137798,virginica
6.20312108407535,3.735354876165858,5.931962880029971,0.8285058348823723,versicolor
8.54385932754294,4.171262413988336,2.7824303216110065,-0.22553132086207872,setosa
8.626055348045941,2.8110901744573282,3.0697868511383337,0.03298533357264041,setosa
6.509849599602542,4.004763161765791,4.279702593804654,0.7253441291240483,virginica
8.083875112777985,2.0730926511308905,4.718606952744291,0.494236364518454,setosa
6.904808406812403,4.271199717269623,4.101612996153763,1.6782830793680845,versicolor
6.74555190585266,3.5073799998669317,6.6300907269309395,-0.28236840678557135,versicolor
5.046472824630886,2.4213430686971855,1.8331501104835755,0.49284865552488366,setosa
8.6216071340823,3.337611213544762,3.7182820281481908,-0.22252606733763863,virginica
6.6260427818415675,2.6271098896452494,1.114665626611397,0.48911905702379577,setosa
6.281014235597333,3.3069838829689266,3.099515984869489,-0.30767045124418063,virginica
5.849019795759072,2.9841468699868896,4.468847989232805,-0.2665033002379498,setosa
6.090152129026642,1.6408540589996243,5.5722538294650255,0.5614556343045702,versicolor
6.190768583664715,2.737094695944042,4.2155402348163795,-0.2867002382707959,virginica
7.172165932721846,2.7492898935065595,6.5146473787442005,-0.4440503337484379,versicolor
6.799944745756534,3.943171215362553,4.997421148739827,-0.07142372076286924,setosa
8.199366028553364,2.5107442812550613,2.1443617320358057,-0.4142444711196231,versicolor
4.962493540764396,4.401937218429996,3.4091963904483595,1.6464315240633318,setosa
8.243085651610894,2.3127348879381264,1.4056339292239268,0.3266009300587034,setosa
8.574569059505281,2.7509698781733256,4.014346688163776,0.9533064095644138,setosa
7.683716900009178,3.0818154352504568,2.1106860480448875,-0.3167445067518853,virginica
5.982937889855597,2.5950942834699187,1.398645008537677,1.1136673928331249,setosa
6.5662061791116715,2.4198635590067292,6.324046065227308,1.5386757320232385,virginica
8.174049446545085,2.9729999161423386,5.428646777812619,0.5176120112103593,setosa
8.34325488420098,2.590313782183109,2.7190892032937577,0.20755171133085581,virginica
6.658948220720472,3.0134880594195286,3.9024542320462134,-0.30952819250277935,virginica
6.13686905704146,2.072815954518478,3.3719811734144978,1.1015592557913254,virginica
8.47268618480884,3.722872332821578,1.9581794824666334,-0.09745297908713091,setosa
8.809691175551183,4.075553429543685,4.342418093615866,-0.10700291985177263,versicolor
8.427111248019026,2.4558910453144094,3.2588608321460795,-0.26348645424082046,setosa
8.178575029721916,3.960112209324995,0.23311526184156728,-0.2750572147989219,setosa
8.323601384735003,4.048510760291416,5.466136379215793,-0.2913541409542209,virginica
6.430781689043938,3.2337355776568617,1.4552693182776553,-0.266353643315936,setosa
8.761205093166428,2.6179584659207826,6.096381623738194,0.6106038700895757,setosa
6.042346277417095,2.538344907622131,6.4856094399741835,0.6316003333782465,versicolor
9.02632841111344,2.8844330333150507,0.5906016031181816,-0.02272048855082942,setosa
6.548417719097004,2.6431536111479326,3.529161544727157,0.9198106934200374,virginica
5.877496264797773,2.677137493188009,0.9768770153847828,0.5523136155485988,setosa
6.701496298906188,2.612353659067041,5.0526753199826775,1.332235685675868,setosa
6.071725087530194,3.133398186022759,1.4931803170918811,-0.004672576407968421,versicolor
6.304747254260277,4.097971937136237,3.9309015297747334,0.3739740100206744,versicolor
5.968120210923421,2.886354629669797,2.3161670980906615,0.4275963514599308,versicolor
6.0289472901121455,2.2454426158418137,4.870889882957558,0.14183464384280797,setosa
6.7107394877914714,3.29863402326754,5.394619643435173,0.41965400524853647,setosa
8.790044037553844,3.450454641734956,3.5213696728279835,0.5641714029515026,virginica
6.556002878445377,4.029557132816024,1.1662245479400608,-0.20994880459132653,virginica
6.589596389195208,3.5824709690888366,1.7489646718493326,-0.16563519994248893,versicolor
6.5602878093591155,2.492115675173674,4.82633775741816,0.26933777238800527,setosa
6.405361677922763,2.441987803836703,3.5014139975985836,1.0508979011477404,virginica
6.683144622417916,3.9018449595479145,4.192510216599428,-0.28903716674064267,virginica
6.175685276237834,2.960316499010079,1.4459708460936322,1.0893786202519695,versicolor
7.660048884002382,2.7011917393689346,6.074213057694665,0.4786235936938483,versicolor
8.059487133259566,2.4838856537484197,3.432239644741821,0.15254342407766885,virginica
6.444762176727341,3.615122912076062,2.12927829787653,1.2186292341964777,versicolor
5.777090817833793,2.1891446886663957,3.292791992387011,0.526784638121639,setosa
8.372981339429474,2.4061404333952314,2.609867090545243,-0.024842433664449992,versicolor
8.544661732249509,3.4269418355389716,4.997752484725411,1.8959960161134262,virginica
8.237109825515722,3.3304996337624035,2.6263972014235595,1.1250196233499716,versicolor
6.443182077721033,2.2692602484382394,1.3667557887988893,0.7141497969920092,setosa
6.244539838145664,2.693511045819395,1.1203187388978955,0.8085452957306135,versicolor
8.795967424515633,2.5614323574082145,0.9592310583807659,-0.3940634964917919,virginica
6.674103574333948,4.337553076353358,1.4657523064587956,-0.05061031498666113,setosa
6.045508506405298,1.9531272380970905,4.509586695128013,-0.333323453062446,versicolor
8.43375365286872,2.8300676809493654,2.0161212447725996,0.1552992027023592,setosa
8.240106764971513,2.787301127253779,4.732448302953859,1.6939673472982197,setosa
6.558833310158815,2.125010694965373,3.2882589129826396,-0.011361195599040252,virginica
8.61245246491455,2.409511730123816,6.7093199684789635,-0.3692620188047185,setosa
6.458392909036057,3.741017865359314,2.1801976622791828,0.683446369882836,setosa
8.112788331610066,3.4087863918966543,2.456873759814375,0.3200948689235359,virginica
5.227150924803355,2.455060082328652,1.9634792146711229,-0.4553200225875546,virginica
8.443409330674768,2.6744223895618067,5.976244551446635,-0.1534891866822466,setosa
6.4050272083117,4.219011270643412,5.10929032219619,-0.28947863090551645,versicolor
6.281568371252096,4.268008332684539,4.279190513658332,0.7203367184873574,setosa
6.773860178044762,3.466248603913831,1.8996588451919694,0.1388648170603468,virginica
6.778267822641307,3.8668890595307515,6.287623603619968,0.9425400692832221,versicolor
5.500621406719638,3.547696858526626,0.8088655156813553,-0.1049550192819485,setosa
6.393999331557281,2.0390553384617833,0.011325510182525811,0.24206387201241417,virginica
5.513926755360704,2.0433042481371606,3.9362541387223677,0.22635546069487722,virginica
8.318703397745352,2.8129259537385956,2.405259577834037,1.1235879347202755,versicolor
6.78503257474618,3.4901609617330496,1.9222276619940344,0.07160987286152334,versicolor
8.693361061710076,3.7734432350388385,6.07685685074101,-0.026247569631758116,setosa
6.340564043195723,3.074141669850423,5.834008968695203,-0.00923416690108464,setosa
6.825700722997098,2.709147295607556,6.110578850776722,0.12838639524173437,setosa
7.916640526879405,2.8072321784070953,4.060137272302505,0.6778371381446727,versicolor
5.71214764767196,4.756082446524028,5.379292417819214,1.721077061621398,versicolor
5.947409659793614,3.636542630359422,3.279833722502502,0.005323294474140594,versicolor
6.854059448898507,2.308804292912458,7.173934034619428,-0.16655342830177838,setosa
6.905250142036819,2.2603436906037877,1.1008385472964148,-0.12310781004555416,setosa
7.483340695846127,3.049939001568994,5.001208874731221,-0.4107449696714655,virginica
6.672749234298099,2.0416637930029697,4.362055851372606,0.37197743227307417,virginica
6.477538818220906,3.0153621028156454,5.377031263136749,0.22259809415572368,setosa
7.615310308407148,2.037968732546916,4.6905324418132,0.29630146792078405,setosa
6.794075333204958,2.035087744331574,4.316632052502317,-0.2902792716832236,setosa
6.249747687123294,2.320501856873762,4.73406325526986,-0.32853723465590706,setosa
7.893395892400341,2.1537520867600857,5.203912567124424,1.8998127381692143,versicolor
8.089395835968018,1.924341214438453,4.78670538369362,-0.19111198667384965,setosa
5.304295427992281,3.4793129348729845,0.6231125706630088,0.29262493748418983,virginica
6.161254018867676,1.9909304039990636,2.1373474006162443,1.5667434822604724,versicolor
8.771266701444343,2.841472155934412,5.56211791384152,-0.36029813929769644,virginica
5.909212727810949,2.9238323923867044,1.5966386069399592,0.798507492224577,setosa
8.932623118387957,2.408854215903225,4.728969064359703,1.3225929937582785,virginica
7.698099320946349,1.9475591620567343,3.667634156221541,-0.07893751971584506,virginica
7.255072632430888,3.855006191388004,4.194563871877147,0.8106207480363768,versicolor
8.854592828254663,3.7511856622926216,4.520807314770552,0.4828397887390532,virginica
5.630297749969386,2.83239010730806,5.57282484286455,-0.16069899204299837,virginica
8.09730812750353,3.5496957128795787,5.489274601100027,1.0216115376111194,setosa
7.330876150642795,2.083780541066254,1.3733455822262053,0.5060530972966608,versicolor
5.92798947123536,2.2466188037661547,4.561591642351523,-0.26155416958201877,virginica
7.969369708847058,2.8248858621316946,1.1513858058512072,-0.1352904773741564,versicolor
8.56170290321504,2.460408442067525,5.262675009515182,0.3066362996129805,setosa
7.833915816752944,1.5627391844461949,1.1677019453910509,0.9646659003774855,virginica
6.298119218880412,2.638236285498028,0.8881409799396462,-0.23251317260002974,virginica
6.691648424171685,3.774310699821937,2.2020316433633935,-0.41701744759907083,virginica
6.17400084922245,3.5290558106091803,1.2447921520592766,0.012609519283607762,setosa
7.969175941950914,2.597931194477582,5.057262551547977,-0.3457113404147431,setosa
6.413113163482327,3.5458846299594198,0.5749984045545811,0.21051902861301555,setosa
6.613672964691721,2.858606847331117,4.398589033011583,0.7512904430030795,versicolor
5.766478382480268,2.1209534680170687,4.128983893865622,0.06373025775449159,virginica
5.511446132468681,3.358229445839473,5.9085427750106465,0.3167541924777826,setosa
6.027652917302825,3.2221493004836357,4.927167678192899,0.06813495790769661,versicolor
8.410135926850499,2.3677452466765203,5.4683151984565495,0.01636006488145647,virginica
6.199258702977058,2.914835609599829,3.5722541836586132,0.7282595298009952,virginica
6.353816586471539,3.1983831122095125,5.100230353643762,0.1976344600815627,setosa
6.575937714264529,2.1202373453097443,2.0295342882381426,0.7328611995666362,versicolor
5.69245570303396,2.5494939464675115,3.5759167016505944,0.3574464291515602,virginica
7.296106426235441,3.948201647797589,5.816341977174317,-0.3052528505668483,versicolor
6.400070131372278,2.872692639841567,5.48339078763697,0.6077554040175445,versicolor
6.189962072569965,3.2182243292292814,1.1288625070645968,-0.11202048885569138,versicolor
6.637888927970448,3.9469995076174604,3.8888672736911536,0.06524950118606856,virginica
6.403081747486723,2.922269894269715,0.9720488582011675,-0.058389790608812,virginica
6.469630403849695,4.214372577262597,1.6897976682792575,-0.11631511990601523,virginica
7.476609574298641,1.9523286303593033,6.812975055551874,-0.4988864353594043,virginica
5.1917921008201455,3.071880541247162,2.0987946367415558,0.7864376937254333,virginica
7.217246652170964,2.628021480371022,5.316010333409743,0.18716647096610695,setosa
6.37715526216456,3.1966335182751657,4.1100642058413355,0.5302043943406634,setosa
6.3462622124373205,2.8641333570202803,3.1048450406467567,0.2883104411620392,virginica
8.587887223932134,3.17647021044872,1.0816702248134815,1.212906658265449,virginica
6.523396313658047,2.8713819395827893,4.907863818395203,0.6406418570987005,versicolor
5.0652694903223985,2.302192195982615,5.054034043498191,-0.011121483218081207,virginica
7.919345526504094,2.085170748417281,1.6085548397042502,0.4361054186356521,virginica
8.47932068080563,2.594248807465857,0.7804528980596926,-0.2609377255937236,versicolor
5.612695262725316,4.229957151306849,3.214153995807929,1.0854279744586208,virginica
7.9214845273514065,2.9803273304671274,2.054613352879858,1.0477229057064892,virginica
6.567605628184232,3.7395363584612675,4.049704928957936,0.2297059568218558,versicolor
8.810392484485849,3.169967006283316,2.2111176468534417,-0.08117358417126791,virginica
8.654989886394544,3.3157555017850515,1.4725162691509437,1.5546080864626124,setosa
7.132762050341819,3.2800399214753138,1.684708122975247,0.5005119765389108,setosa
7.850531972840687,2.8722833730129476,7.17781024227247,0.4416076785272769,versicolor
6.7563252692980535,2.5302111102294234,1.5256804862208584,0.7600896086337198,versicolor
6.159659824723587,2.283076858664733,3.4946079365992766,0.9807754008215149,setosa
8.19473212847807,3.4225650358390327,3.427452211228407,-0.37930475843399153,versicolor
5.538092933014198,4.033245354926475,1.4286863422028464,0.8552981560848323,setosa
6.092603944133373,2.7562406984995835,4.504870021780272,0.03252792975781871,setosa
6.698957050159937,2.572771121731818,1.4887645949011485,0.7953594486743478,setosa
6.037815384670484,2.931212900653653,4.2604724870734865,0.12659628465884581,setosa
5.279221337443208,2.631736604845301,1.6747097032703417,0.14223974455395139,versicolor
6.338032913147666,2.683974334834235,1.2755153196679756,1.1914849192079717,setosa
6.748526323045837,3.5767666541840093,5.057556211268251,1.2987989137350162,virginica
7.340231807833252,3.51316695557716,5.076980883291377,-0.11900409846859938,setosa
6.299746137218662,2.122673725641475,5.791798063833875,-0.13683693223496618,setosa
8.75974934843737,3.5659854028923985,2.8430243752887647,1.0645204628567932,virginica
6.883538621500001,3.4117300221397375,5.887916539007823,1.1665812674386085,virginica
6.8761253184066655,4.327551626648578,4.970808903426563,1.141466440290556,virginica
6.0398618598075275,2.779661588385415,3.9705362814635885,0.6802088000899473,virginica
8.317270176053913,2.6933771106337208,0.8667690407591486,-0.32888239577921835,virginica
7.853478192478943,3.6014678779537896,1.5911131375923693,0.27901235215340336,virginica
7.0979907785502006,3.269664405573248,3.9425833990036154,0.30781222361060134,virginica
7.897043249041678,2.777543715093223,1.8524208877861053,-0.3357628133811377,virginica
6.812075043336166,3.023161207143375,1.785133632636164,-0.24395361286064426,versicolor
5.57390574016856,2.707080664534895,6.577652008819847,-0.0766863470378189,setosa
8.7279028048359,3.4636798110243023,1.7004647287744783,0.7679877662796007,virginica
6.177555484072658,3.912449303343469,5.298356804438157,0.15401783876716402,setosa
6.4223667158282955,2.5893772838790605,1.8811313367493976,0.1722342876221632,virginica
7.819305242602656,2.8482217810292907,7.034728154551884,0.008664492155901315,virginica
7.181903965757045,3.610723315576593,0.6685626495630975,1.012011180010727,setosa
6.340576229049242,2.307292477719569,5.366785986318359,-0.0766486002363776,virginica
6.1913586355193235,3.2925692991194744,4.255370910633946,-0.05660250687889484,versicolor
6.38621513660143,4.0239425652016,2.066942239977296,-0.28642710251058706,virginica
8.641835916631237,2.343868435044668,4.099799955635706,2.1404185894398875,setosa
8.257083977387474,2.560318398158768,4.918827158655136,0.1011259355506384,setosa
8.015219392309486,3.7362470878118783,1.232570355390604,-0.3112119991609041,versicolor
8.49147933862415,2.425804422300127,4.306821402135389,0.42510298814628,setosa
6.4181499829368835,3.2116973414194683,2.478030889580166,-0.29957976048944196,setosa
7.481417297206235,2.9425583403006557,4.122932087918199,1.0910055533945369,setosa
6.358282487999381,3.5567106389921417,2.0405623762610072,-0.3604286971458533,virginica
5.9758087914198486,2.313859701329325,0.5833858715036563,-0.26792803413552174,versicolor
5.964051527196241,3.7416616298809227,0.4230235459669849,-0.17194274034896612,versicolor
6.296025924411427,2.1624518909454418,1.866532598742033,0.3867202569249153,setosa
6.158950251191857,4.7925183641441755,4.027574712307183,-0.3137660489430058,setosa
8.195037822835959,2.6598779574145723,0.25653593075564785,-0.1821065357996015,virginica
8.718769799047843,2.1418247850469427,4.363086050939701,-0.3890748849145295,setosa
4.685210737289524,2.2062551974006013,5.047832690017128,-0.36563709060287314,virginica
8.919125801249674,2.802173785342797,5.5078890038007176,1.3428887078803677,versicolor
8.818786872185324,3.2722249439430455,2.6178199102075013,0.21740001336715925,versicolor
6.021989879567831,3.3897336298811016,6.818187352023052,0.5601891043559069,virginica
6.101470755970288,3.3624561575066108,3.666132591283394,-0.3009535160132612,virginica
6.077025523746454,2.696718466935273,4.34931972613339,0.11367000059083712,setosa
8.825981005490853,3.517632523788379,0.5731707698074592,1.5930465038948611,versicolor
8.502103678979331,3.561089921994847,5.0369694444403414,0.3401405990331581,versicolor
7.978160226918062,4.345075703739164,5.439711332537837,-0.40231462896895637,versicolor
8.309190938949499,1.8529940311299373,1.7874815555852566,-0.03397813357098417,virginica
7.772849328371993,2.762731164973049,0.8744435667319808,0.9808575100709087,versicolor
8.758405875033231,3.5826060869195264,0.945138492228807,0.38132538673860417,versicolor
6.035295906008687,3.464929829967709,0.5015611364810735,-0.30389064000558447,setosa
7.377229851546256,3.7263639224307843,4.465634994569271,-0.32211291434012507,setosa
6.096239818007041,2.265449522157649,2.366193058239165,0.33839133773405106,setosa
6.068161366736572,2.803359676300616,6.16860470299337,0.7795426060702375,setosa
5.395523818236824,2.620263319166795,0.8624873092800495,-0.3239772119972119,versicolor
8.614212356617234,2.277531295968677,1.5526703843183238,-0.24343147648828484,setosa
6.22873948944329,2.237918673760506,2.3004850156015433,-0.10013799055352834,versicolor
6.303472336059205,3.110922382120465,5.172214579594326,0.7880820724718794,virginica
7.897848232722018,2.1425561428168867,3.3378652113753065,-0.3426248920713438,virginica
7.979250101234524,3.629449895308197,6.782979187199048,0.2758397594001112,setosa
6.8245233985176315,3.680441713748509,3.8718767815635697,1.6168570893397574,setosa
8.420086295393006,2.6396877282906366,4.0190324605572325,0.4933179109298158,setosa
6.78512664098387,3.1698519399133747,6.474349112102116,0.2612313121425174,versicolor
6.691283703713728,3.461193716603251,0.5782022652373294,0.828713406229122,virginica
7.852077809720213,2.4658792736833295,4.70032838403047,-0.4380577855301993,virginica
8.62421499236154,3.849176080646215,4.043900481626648,-0.25935744351752527,setosa
7.378937819910311,3.9417092365972843,5.547573126558225,0.6521537619001505,versicolor
5.683540706495513,2.4917065376155403,4.216522019533278,0.7270812725186646,virginica
7.656246531037289,2.5059608274656573,4.005672478267028,0.07443448097906588,setosa
6.339615256916465,2.69327724872244,2.1811222698842556,0.9178971613897962,setosa
6.7268767646543015,2.013748888169424,1.5211380377370982,0.14139244479359214,virginica
7.941907764522827,2.8192742910249784,1.4379284504864032,0.4386986501966572,setosa
6.047251617925788,3.1646477523198215,6.386779129261721,0.5548012333040861,versicolor
6.6434179814702,2.5938434213370254,6.5380413135742295,0.1749650991850149,versicolor
8.52210740308368,2.7107723307279477,2.0658777260209233,-0.2124728754788916,virginica
6.112576771838063,3.3923439815465684,3.746906981200201,0.9637617584519094,virginica
6.6887238193271035,3.824877171179434,4.073978937057618,-0.18970929747844106,setosa
6.07016636721427,3.193724240710023,2.0855658652879456,1.31178431915989,versicolor
6.286634693299383,2.925851203116049,6.009626942948944,-0.1951036455998299,versicolor
6.41460283062831,3.6601519673607275,5.207854200250705,-0.2850701180640602,setosa
5.98077051822443,2.7009431220181397,5.762940800024575,-0.1351241443951181,setosa
6.583010578007945,2.6931656568819857,0.6269449885211975,0.385538970166462,virginica
5.69030087086163,2.6553655076186238,6.138009436651091,0.8305186606041515,virginica
6.255206949499846,2.998922997834477,1.9004964761978904,0.3422302063049427,virginica
5.988691750585645,2.7395557258681005,3.6411406644331192,0.3912749175783079,virginica
8.533616159511407,3.47696304421449,1.5056231399985738,-0.2256269112516317,versicolor
8.898527881588029,3.9412521771776166,5.2451679077854365,0.9912716476366665,setosa
9.01457018195607,2.2791661123167115,6.107211049378044,0.1356183677684779,versicolor
6.5938612254190785,3.0094908814901515,6.515655736268692,-0.2319279427697546,versicolor
5.712297338636676,2.2592307081221166,3.72422165457265,0.46548694950840264,versicolor
5.917386442505604,3.734196356831478,1.6925790337805808,0.9459494834975519,versicolor
6.175120558131331,2.628642994861583,1.163206268763361,-0.2080043573382278,setosa
8.172915901606068,1.8187676651644122,5.130544391105683,0.15725311033678713,virginica
8.40250250834564,2.928340490047933,5.577267786097711,0.04027576363074378,virginica
4.965390299864752,2.305886542067505,0.5335131071778758,0.1249883539128065,virginica
8.190258812503037,3.696174689205254,2.3386835875078713,0.3103174958993551,virginica
5.798842085344832,2.5722863687427466,1.160055390212526,-0.29816956469286576,setosa
6.4491280259841846,3.0788495684324637,2.6386889464293097,-0.11856448719895041,virginica
6.959592729996849,4.1661253264028435,3.3759533048767656,0.4423173071928388,versicolor
8.324165664196531,2.972758587903982,4.145827681951287,1.1203204880249356,setosa
6.791512242014777,3.6349577803136004,1.422444913495077,0.5427286664905544,virginica
6.4251977889024445,1.8467936672042695,0.9710314860329528,1.9706689723891158,versicolor
6.295008940109843,3.882145088346877,1.080663354788073,1.614756304345727,versicolor
6.024891859439684,2.7844520288080656,5.409660406132915,1.0725570884544189,versicolor
6.764692247353783,2.4333744169589524,3.5488375008948116,0.08133039876219386,virginica
6.266480146726426,3.515750679557847,4.148100512564361,0.29140646129471337,setosa
7.230781364428955,1.7988355589990583,6.3576056087802355,1.3812463675752,versicolor
7.441917992796608,1.8666942280648307,3.421018471499124,0.00765953404704478,versicolor
8.053549304044651,1.9928586323850128,1.8494485456629775,0.558860731308463,setosa
7.031833911736136,3.891651704741262,4.135164084722456,-0.3467181276637575,setosa
7.490409061197325,3.5640730470423354,0.11002312926309843,0.8083070639962084,setosa
6.785873398638997,3.958958480006765,1.6167280472261472,0.5187326039816653,versicolor
6.557580732689195,2.4403105781285346,1.8635359524081214,0.5996455237010232,virginica
8.475366770148478,2.4076667818607165,3.912858291455429,1.8493341314494947,virginica
8.613406341347384,4.766037625951787,5.213486352114579,-0.2166228856814027,setosa
8.368271273662083,3.0058512366404253,3.8659590978362894,0.07463338215494239,setosa
6.662362076894499,2.0177348007710876,1.1979300194645612,0.38157599753923477,setosa
6.346833023470582,2.32769040797285,1.3722897895006418,-0.2261530859853788,virginica
7.199699572516966,2.2733093504545923,1.4470278959335465,-0.03672842396146003,setosa
7.809929297485185,3.0036722981078703,3.9917876830268653,0.8068559971657967,virginica
4.774136869728256,3.8658148418820177,3.0300321191970134,-0.20746022377383905,virginica
8.778075707999772,3.0150060064910407,2.5112908877590594,1.1839544772845665,setosa
6.604460780111647,3.1770591937140935,4.70919909681973,-0.21854476562086445,setosa
8.762888819177014,3.149734626491439,1.8824855369940012,0.4329786858829756,setosa
8.88121677803426,1.998704416074475,1.7995513461770019,0.6316719961582518,versicolor
8.137858191794063,4.287237799985298,0.8811169058838657,0.8569752845128115,virginica
8.13155999397727,2.988459772626023,5.276320775305227,1.5904385950443654,virginica
7.883305743479338,2.5546414682459737,7.161757850776574,0.3976035671105779,setosa
8.254793160950726,1.8052984233850342,1.6511653788269345,-0.27315775964269534,virginica
7.60039300830946,3.195749717292316,1.9309279670873027,0.28223383438343363,virginica
7.629693331104866,3.4342712521865026,1.7767911860947796,0.08146512403474104,setosa
6.521515630264934,3.4688027282109886,1.1774201726400624,0.6487779853172517,versicolor
8.540073909838956,2.9693956912646997,6.707502750796076,0.14575165200472573,setosa
7.242405057121166,2.894975740510525,3.9696264647672543,-0.3746242025654079,versicolor
8.325493147963277,2.6237758755322305,0.7208164408492105,0.9723985859482522,versicolor
6.729712434146885,2.240051237650582,1.7935113045692552,1.255547057015491,versicolor
8.741400293905768,2.574907179661277,2.76090173235791,-0.2453097421247596,virginica
7.620740337686163,2.4566260804583626,4.486613974527433,0.5116340191027813,setosa
8.157346293075399,2.9940281894072314,3.104309155693633,0.2577051064004241,virginica
6.852826654427058,2.2096243220562912,0.6482882759704479,-0.3020409279596273,virginica
8.512891526271718,2.742024576102703,1.3919830357947145,-0.16964329737482375,versicolor
5.144616160631302,3.041588113887692,1.840739781237723,-0.35385243942162675,virginica
5.420077217419905,2.318382434900169,1.739502503079666,1.4509615992342275,setosa
8.289647475697834,2.790697538022877,4.529611746522691,0.686747245280219,setosa
7.3350272668277885,2.4798054200157074,4.068556574490052,0.46141815414626963,setosa
8.819079155879596,3.1814240483048275,0.5243083063816698,1.280798576215492,virginica
5.802707780140133,2.4392516776551814,6.352196935234764,1.0000473087111827,setosa
8.123001583545832,3.1894042760589003,2.7402688192764364,0.3962705237045898,virginica
5.426857014778136,2.3788432035944753,4.618979294240358,-0.4684814699411945,versicolor
8.013910821017074,3.0816103803271404,4.644010526701864,0.14517187295366307,setosa
6.7111141517635655,2.10939616080977,5.671581323446826,0.5706253362044214,setosa
8.358184563372777,2.1939468798964197,2.3971171434238547,0.9575328421496193,setosa
5.588121633956459,2.991798479362302,3.0535834777811157,-0.37258283463900493,versicolor
7.2070089859501465,3.8467297608370035,5.030220127457248,-0.19937029318124388,versicolor
5.873002357185527,2.723147473275909,5.300405250841662,1.2535101521817713,setosa
6.1407538857646555,2.3777591611624347,1.2321921734900476,0.7946837710342987,versicolor
6.59868030291207,2.525885557810596,4.620304864655489,-0.4067307434318483,setosa
6.400454840905744,2.059251755498652,7.118614683248861,-0.34859225991857673,virginica
6.110194223688176,1.8334774809176588,2.1823745129170264,-0.013925174999142309,versicolor
6.952393008914814,2.215273218422811,0.23543872344058214,0.3760856466227127,setosa
6.5227979166893215,4.121575949973092,2.4990549747438218,1.3053026766469182,versicolor
5.06575421872266,2.91704384619752,3.2418966108623657,-0.08441104347549927,versicolor
6.087066115069659,2.2905285222292733,1.4502994901994193,2.1470885034474136,setosa
7.505970588943503,2.7180392994106573,4.0374828466292385,1.0849046585746032,virginica
6.537560444291852,2.9884645276585813,1.7802202535755118,-0.3749403349968619,setosa
8.708772665114253,2.3470183467584564,5.988595874248626,-0.32275933722295697,versicolor
6.468390012233594,3.1302218915076083,2.5284889453958104,0.9689845230550446,setosa
6.7234544123186,2.997699832062855,2.8376770580711224,0.9561182857297205,virginica
4.673923991317913,3.286954926742849,0.8362123098525298,1.571847320338663,setosa
5.943052362012924,2.237311772848208,0.7902146005133388,1.409193859362642,versicolor
8.724688715788425,1.9925707522824458,4.997666186009843,0.8821332555794383,setosa
6.299230162526236,2.6813444017048815,3.262935228655751,0.3992238450654171,setosa
7.651984776877435,2.132747583718206,5.8390409928239615,0.8646599685567381,setosa
5.829989126939621,2.0490118574378133,7.723997996303587,0.42998535454439035,versicolor
8.622953530323382,2.650502392239573,2.625509259653721,0.20475610281103362,versicolor
7.969842864568607,1.7916138596387345,6.163185460717606,-0.3609341099510543,virginica
8.671794479499301,3.0406598575465984,5.5599151388121,0.09487227163608622,setosa
6.357391317290709,2.9784451516051984,2.201726793133305,-0.22974927055617073,virginica
6.752906816705594,2.4694291045499774,2.885313388099684,-0.2829422341836931,virginica
7.37097644190732,3.2939590727786054,1.8501433108608973,0.6177377640349928,setosa
6.4972250553567665,2.806730964971547,3.0858150855364173,-0.2280708325431849,setosa
8.150162819528134,2.5450796757692835,2.1948540442175117,-0.25524909970250814,virginica
6.690627698599283,2.3012171153514327,2.363357966088132,0.37659282271152517,setosa
8.467475282334735,3.532228815093475,6.854476144355834,-0.13253743139591012,virginica
8.570191337491435,2.521831476843156,6.085904187144375,0.5828027855706137,setosa
8.72529288337764,3.202779619289272,4.864977390804488,-0.25134072604138197,setosa
6.040284837196783,3.611263250509164,1.3328700095720802,-0.4546329785401761,versicolor
6.6456229898973485,3.8969636475003924,5.7124651480744095,1.0113430760609843,setosa
6.890968387042587,4.264381547666624,4.009354925864704,0.8099734325607174,virginica
6.078991597498388,4.149717593521206,1.5993942212395011,0.3791760256619172,virginica
8.262134811556068,3.5152355720721657,2.604237905312555,-0.16032694018385857,setosa
8.646051335228972,3.413051624992106,3.584194332524932,-0.3975491724909635,versicolor
6.281463294988857,3.953996505912712,6.019496325259927,-0.0949736865008351,versicolor
8.642057364512544,3.6646028515860403,3.193188553889999,0.16271703168575624,versicolor
6.272979803070532,3.7514064950930086,2.544366551477664,0.6822269535111146,versicolor
6.014216250056073,2.5201203639293603,1.481485544335536,0.7990751011388019,setosa
7.574778382898818,2.633323154641568,5.004205298496508,0.5971990650349266,virginica
6.316061712359298,2.1899785388156885,2.9219806416315164,-0.23609942755282137,virginica
5.979148837665324,3.660092879354793,6.281984531754116,0.016319705022646708,virginica
6.2661970928657365,2.269736172956871,0.36556818215528053,-0.030441502953126975,setosa
8.86212016497166,4.0171788278375296,5.9090189718012605,0.7091081219357239,versicolor
8.630430147222844,2.019406558944187,5.82433847982287,-0.3159306106467999,virginica
7.007493385335139,2.7584350269541376,2.6995253241262795,1.0572579728732034,versicolor
6.820303031248853,2.334088419607835,6.365472065718903,0.5814041077841854,virginica
7.7454069842484365,2.4975018409355023,5.150081368469991,1.3545308018065723,setosa
6.40900460676426,2.0785667684489306,1.6026816407417597,0.908368205407674,setosa
6.448027130322842,2.925865231402469,6.198658347071796,-0.4582479296138872,virginica
5.974440341448346,3.7404822838636544,3.891767735901749,-0.003968523732627682,versicolor
6.150630199361521,2.120556991905861,4.225782190033821,0.709047114554495,versicolor
6.056156163151232,3.386648840747764,1.1452790324233348,0.15903401866920958,virginica
8.442367769133654,2.7522247843883307,1.1919212747661754,-0.008201510384122035,setosa
7.820755485520997,2.8408937984149656,1.1848734726770218,0.19255977418200976,setosa
6.6024510763220645,2.945555993247608,2.4434285027935903,0.12494081779563576,virginica
8.784667908826686,3.056502030224011,3.387584544854817,0.8911760328762188,virginica
6.766171866515284,3.475510644314092,2.8622244366295284,0.9603367267658438,versicolor
5.067926039793763,3.0664774082769783,2.20559624348508,-0.04353553342665961,setosa
6.669167769191458,2.2915271794314447,2.5455017881848647,0.6047658606718038,virginica
6.584788323006858,3.768027898509911,6.491811070255326,0.32105960037156533,versicolor
7.970014452290303,1.836647031144839,2.7246877249735055,1.0773507643274207,setosa
6.703621987295257,2.4315248627774673,1.1708962729566383,-0.4635112922959134,setosa
8.367569792795832,2.322684740511839,6.902480122581563,0.2940355242457211,versicolor
6.610975829112831,2.2814865293759015,1.4453098265590687,2.6015726528965093,virginica
8.863877477700571,4.179421874408242,6.288771871002619,0.6284323370714855,virginica
8.694859961266935,3.4742686375748146,6.62333116834492,0.7991175138045192,setosa
6.841007010164689,3.408360390463515,5.505541437166288,1.0138792698991281,virginica
6.352409761750796,2.716020273103755,5.307507815052964,0.8084419279160142,versicolor
6.7187657964159255,2.4030109295918756,3.176080899838028,1.2554922130512014,setosa
8.583865572230545,3.5831004160273063,6.2924390191050135,-0.008204339720151888,versicolor
4.743620820180161,2.893508881994349,3.4780077829105007,1.2664264803278134,setosa
5.018459551642725,3.5832409381116856,1.3332753765704746,1.3286509797051989,virginica
8.597534477090523,1.887033854743744,1.01511151980964,-0.2907940439848173,setosa
6.352047820522589,2.5975457041952654,0.8527877816070072,-0.2583441473801566,virginica
5.075319916650343,2.2782969043105448,5.245013780468669,0.45868880508913223,setosa
7.889508003471777,4.031780269566072,1.7034086810651823,-0.47039978662060816,virginica
7.155047994303673,4.365951243329743,6.311334701013349,-0.20051999091324807,setosa
7.8751788813259145,2.2449491200850087,5.535520093586924,0.25944454801830585,virginica
6.7688924056010675,2.3928445440764814,4.998165728370764,0.413498961368607,setosa
7.8340470005521965,2.4105480644215844,2.8631862129601324,0.15472057276292928,virginica
6.009892837499643,2.584645027048852,5.277804499220095,-0.2944341279194,virginica
8.047514161552701,2.3350515311131153,3.812035322137221,1.4135252267328553,virginica
7.244609649868104,3.1185649392942807,2.1399963500726082,-0.09605955436784702,setosa
8.622238810725095,2.2810195556877395,4.869261076483053,0.8662251630652194,setosa
8.943552465374687,2.777917905948318,6.724743470195159,-0.0859788778965968,virginica
6.350263679381673,2.571938782391468,3.9160539735321986,0.9300672459950695,versicolor
6.4001407879439975,2.663619700919632,4.446248621611634,0.690549446743557,versicolor
4.888998587130144,4.263204040964716,2.6913006897534784,0.2737688513085319,setosa
4.332730140767922,2.8846425333534493,2.059324650808606,0.05165736259043316,setosa
8.491557739426849,4.620336834510523,5.835793272332323,0.18652869738202393,setosa
5.539804911816815,2.926154032653262,0.6499040869494465,0.6447673767896129,virginica
5.31793863612276,2.6278182016773757,0.753260100396501,-0.22092716128892304,setosa
6.4951713114649925,3.606204962814723,1.2267953030120702,-0.33095797100208163,setosa
6.982676350546687,1.8081503364837452,2.1674191472822466,0.8135885377573071,versicolor
7.7149537742107155,2.4867283731156107,2.0173378695654285,-0.25078941844676333,virginica
6.537157135297751,3.0975618427850886,4.740748732089257,2.3999955947465335,virginica
6.427998290449345,2.3377947550150613,5.548343586996558,0.104232741986445,virginica
6.668579748312435,4.0110321807766764,5.169459487752541,0.059373412183730545,setosa
6.2823815097408655,3.3606364937193223,1.5191259812046538,-0.20928988654325986,setosa
8.581904520573568,2.305932017802409,4.730737200355838,0.244045720886777,virginica
8.285260641309991,2.2920542008184777,2.9092957495705765,0.8460342270310969,virginica
8.643331549487982,2.9194372840487746,1.0142899955813396,0.045521096216927404,setosa
5.999960939307778,3.387763431233241,1.8022883983974565,1.4574397944123012,setosa
7.568349860940696,4.040832135971656,6.432124316909547,0.5435865305567393,virginica
6.3422269846272705,2.7967268958282245,1.5425991174557734,-0.1539033800302202,setosa
6.537960974056204,2.7984022135519298,2.374891022615427,1.044217383973785,setosa
8.406168261666558,2.393813518399471,1.7830384944311275,1.4638557939232528,setosa
7.7699938886105455,2.37344367557563,4.615874075462165,0.7777446642237802,virginica
5.569263544615136,2.353641041037293,5.282612063648352,1.0284400290239635,versicolor
6.06812064033139,1.7875305724087667,0.9169913352542386,0.767642823860392,setosa
4.985961022731084,2.0763479467947628,6.461861804970361,-0.23639261258956662,setosa
6.739425949016472,2.0796062712691676,2.5020576090610502,0.9148225042870213,virginica
8.802282987422497,2.999477496691043,1.8039481821888534,0.4108425127840176,versicolor
6.371079451383107,2.698731770032399,2.549737634990157,1.1617573490367268,virginica
7.315646106992237,2.3070338864148274,2.885260617163949,-0.403769246740797,setosa
8.383744084710472,2.6800436437113966,7.593757016543124,0.44515435934937186,setosa
6.307191907505729,2.4071374039087217,1.5326831418635123,0.3383307078835084,virginica
8.798671048687643,2.4773875285254046,2.7866503652895673,0.25751027974632823,virginica
6.412189176483914,2.7912086952570894,2.330176013758522,0.3169195600882029,virginica
8.16584160461519,2.60340315877814,6.475225914098108,0.02963843467480301,setosa
7.574499080039203,3.6099053350387313,5.468610367995437,0.2295392311704152,versicolor
7.5633253323045855,2.432108081936524,1.1112990481898566,-0.20031189652644787,setosa
6.622307232873798,3.352396386776033,6.048425255126068,0.7714909897890394,virginica
7.828094385220982,3.539055115522797,0.9788714796822194,0.18274886799109158,versicolor
7.076832791750857,2.9910552582735335,0.9139584421232099,1.1602501846656987,setosa
5.917346449853341,4.230924113878664,2.1965540663484022,-0.0829344285116293,versicolor
7.891197747087835,2.5128545589410853,5.965815932321312,1.8076241736117145,setosa
6.55661708822012,3.210052157264749,2.0232996296149506,0.32717861981588814,setosa
6.268866329253677,3.270290992642996,3.9011177406097794,-0.1221142068587171,versicolor
8.412489670247307,2.8792958069825683,1.0591184838146825,0.0885335051940555,virginica
7.974411602573239,3.7860639097174302,3.6370655633414284,-0.06575393263977397,versicolor
6.30540101461223,3.7226074723253957,1.6971068977736294,-0.049510075304122436,versicolor
8.62322982438026,2.862667639275674,2.6446815106190007,0.1716027985476274,setosa
8.909998297272333,4.405691146122158,2.061466878422036,0.20578761604521723,setosa
6.056330399477864,2.5301216160414475,1.2926348076577965,0.4718675485462138,versicolor
7.3893420018710705,2.4314107585418725,2.430938024122299,-0.4888248817170781,setosa
7.450866430028311,2.5239211893365896,2.42310114140915,-0.03105367102936457,virginica
5.737886682300395,2.4853143542120417,5.928140119955839,0.18043712616705296,virginica
7.612848334077666,3.846452570750643,0.7229808251030745,0.36036590395156876,setosa
7.593175234411014,4.1865205120342415,4.32112804069609,0.8231901489340262,virginica
6.431976116475711,3.658469016346978,1.5630994180681703,0.8279331594304938,versicolor
8.93593606809673,2.223890023533255,5.358081831685782,-0.2549751562700218,versicolor
6.2626188345626534,2.523975601245249,5.412540284483083,0.4962853350243175,versicolor
6.475426808173608,2.752992035476003,1.3356538107324583,-0.3897120433212368,setosa
6.755218815177211,3.1827043022680566,2.4175413853477803,-0.10358969680690944,setosa
7.193913043096732,2.802261486125815,1.2046153797724266,0.306953884072904,setosa
6.79738959298067,2.392859066398106,1.682559701454651,-0.05933248668709734,virginica
8.879599761478598,2.939105140669823,1.100435511197546,0.3026476980743069,versicolor
6.079988592724463,2.1149271680294257,4.777572264429381,-0.13336446405303903,virginica
8.811392954378181,3.01088490742041,2.901336176444893,-0.42445891237307337,setosa
5.8922160810413935,2.8950462667588526,2.1360551918230684,1.571352170747734,virginica
6.040270941048033,3.1305887503332785,6.234741904727753,-0.29324119596548065,setosa
6.295675206995671,2.2247572154765556,2.1381368160488328,0.24728882730844148,versicolor
6.534860101909403,3.278426550317982,6.46605718827824,0.2978933009262059,virginica
8.053988245380813,3.782568003483087,3.813489176807191,-0.23556959453875836,virginica
7.209824021789149,3.0527653171969273,1.6094000199437473,1.1684248603562937,setosa
6.006116719417053,2.9441156656243646,4.026072040168719,0.3826348516764546,setosa
8.127709586134205,3.0397527414782486,1.653457543516589,-0.23911432563445784,virginica
8.795238606527388,4.103555778628621,5.975255519600394,-0.335394182251644,setosa
8.789681949636119,3.738144054212497,6.217930477087698,0.3460797302746106,versicolor
8.930811991072982,3.1798657332703977,1.4620710566013002,0.09858797982641981,versicolor
6.209503371409246,3.046090880622088,3.9331296194295686,-0.10122742168058824,setosa
5.1562467806570735,3.6865875561088925,3.94373055918595,-0.44048284529856546,virginica
6.541126623634868,3.8325431214667924,4.7659299524481655,-0.06734307535595818,setosa
6.4701216861547275,3.8933684799948702,1.6599376275269084,0.5719889138537042,setosa
5.956349159177837,3.6462811729249585,5.074091505665767,-0.38820658970604544,virginica
5.97393667793087,3.106351342023336,4.060415733182073,-0.12034376547129322,virginica
7.90442444391154,4.000919521511653,0.6757727241630439,0.23011615417384018,setosa
6.350687494453432,2.2086475718976635,1.350715834662946,-0.4087263115891015,virginica
8.441301621375903,3.740439979610379,1.0796266282968312,1.3569569159735344,versicolor
8.893733225480885,3.5734141651857443,4.416820445057383,0.10301476031438864,virginica
8.088772412041296,2.4756874868291447,1.7993934473765547,0.12973460281478455,virginica
6.603607877258763,3.01413305586205,3.8321510381396235,0.36124058683346916,setosa
6.650468790753321,3.7836706443019903,3.0312303112484758,-0.038177031701353115,virginica
8.218689591307985,2.595830921767535,1.2381359934701872,1.4800032150511626,virginica
6.679003570170044,2.4069143869213447,5.037202900143413,0.37132310122848855,setosa
5.926290399817063,3.1913841840865254,6.836940909672595,0.44513304855181923,setosa
8.598766882690839,3.5379300508570837,3.008846344416126,1.030596128073406,virginica
7.835312760879976,2.9542850649877104,1.2286177521624948,0.2543882479048767,setosa
8.09953756436448,2.8372465834000695,1.2828365179385632,0.2543178320087716,setosa
6.68121145441949,2.8304569835409903,4.456314682960634,0.043020970436884576,setosa
5.460565276927698,3.013287611132504,2.2573331512539228,1.2546119151920045,setosa
6.450520740769274,2.42472980584161,1.5852488039050405,0.28942142318150776,virginica
6.301981599978703,2.6097117686254676,6.201818900702165,0.9157474869190274,versicolor
6.215495390750176,3.502901453771262,2.3165880218791477,0.18743515415877954,virginica
8.16458323734556,2.4614784233816023,3.4391542113721325,0.05136569787797507,versicolor
5.951896565884758,4.053011702995448,1.529620307149533,-0.26551105108993106,versicolor
6.723999865271586,2.8418506867463282,1.2984622398009504,0.4887955298668336,virginica
5.85810926665634,2.0568839527542195,0.8338285067646726,-0.45689531609968587,virginica
8.414271225329685,2.4855867866212034,3.623474880767123,0.8584902837358809,virginica
7.152779872836127,2.645305830144223,5.97068107116602,-0.23096348705010977,setosa
6.770224304171093,3.380100633979205,4.061131789823042,-0.16386397463785451,setosa
6.720562354662376,3.3505726777339855,3.6232355241896386,0.2573291379671314,versicolor
6.040811073660594,2.6292093853809293,4.337909372618455,-0.03068000382566971,virginica
8.458712445248894,2.3789388415737305,4.392399984552218,0.3220506569224537,versicolor
6.214080762807443,2.969377068795944,4.355187283882711,0.11079374895766628,versicolor
6.602522267361045,2.934406485736761,6.666975394343077,-0.394516743169891,virginica
6.739188301478606,3.1991090786833056,6.91388750678656,-0.4348559350713805,versicolor
6.110242432634993,2.767846458778653,1.4034520042963858,0.432231449927615,setosa
6.139068924282012,2.3238553886035347,6.833590320206108,0.042630508400830325,virginica
6.142934191503505,3.4288347856220662,4.197491108204484,1.2112245155321635,versicolor
6.416993075106733,2.8956433302076694,4.67148753949859,-0.4417060887179593,virginica
6.508768158549449,2.718311525334706,1.2920454960209977,0.27744959350417236,setosa
7.424257868125561,3.0142718865829927,6.747521801649286,0.6982712679861598,setosa
8.727349013201048,3.3006783001479327,1.5293514663707528,1.407623807245895,versicolor
5.986336353372548,3.21172771607893,1.303586002186199,0.5253760361892916,setosa
7.689095951573281,3.6063150630825893,6.760350025823909,0.5904552422564766,virginica
6.705774928310414,3.8528054218206895,4.230565647691554,-0.2765857583392241,setosa
6.616032103175637,1.8988460659471498,1.2137247184476125,0.400774727910836,setosa
7.890859901523575,2.421103327793614,1.5287478747006247,0.9355124681638332,versicolor
5.990893221227975,3.3392890034135245,1.0451667668497868,0.5598437440779225,versicolor
7.896379593124097,2.83319023995561,0.91534105839012,0.6975942323050901,virginica
6.6233135782270995,2.3736634741933473,4.27284826893701,-0.26115384919316526,versicolor
5.290126295228574,3.60300081797933,6.121456892575918,1.116635391483443,setosa
5.977504388800959,3.310376437940744,3.1170671229754534,1.3089779535071857,setosa
8.562670362243077,2.827862345061552,4.831303349527935,0.945246279410664,virginica
6.123493586295934,3.058985553677645,1.9417164962566775,0.22075897364936803,setosa
8.73824122296545,3.2563845372884725,3.095694331995673,0.9298028980871932,virginica
8.616215703444087,4.086691531838375,1.8554155436889612,-0.40099417981545443,versicolor
6.5831083855164545,3.6375491813118224,2.081400259747009,-0.2000155283107265,virginica
8.325098564976011,3.1539510414090337,4.37854241637438,0.051684514631998524,setosa
8.835612612875018,3.512581180000547,5.37619462231587,-0.2957521540560693,virginica
6.2287182176463585,2.9084931337936832,6.167817181604708,-0.2130654218697985,virginica
7.956966392383274,1.7067957864800125,7.330734535568999,0.544165369425557,versicolor
6.688370857148858,2.872591880962191,5.7782683779315445,0.8583473760346461,setosa
6.75364748143396,3.5985156187351315,1.435911384320533,0.5347537272946679,setosa
7.28194768829018,2.6413613972515546,5.8186722312219805,-0.16280221816383372,virginica
6.091091294895227,3.037307973478376,2.014808712630751,1.3527187049940932,versicolor
6.735721877120477,2.7658052210794994,0.8739437590179765,0.6422002614020792,setosa
6.2573976239035325,2.267413697643579,1.8888876275348014,1.0675926650392618,versicolor
7.439826702964096,4.18407359034104,1.7156954417369248,2.0219649500480528,setosa
6.610345909531807,3.451823465054233,4.751913777825007,0.18576512044758225,setosa
8.380547704616237,2.4757294971783694,1.6950644928966243,0.2723764414037366,virginica
8.60128963483557,3.0428288465433564,5.174428753754276,0.09877192718762845,virginica
5.727167246601497,3.3340898485019164,5.643556372311714,0.4608261456928634,setosa
8.53835098342702,3.0642975658492104,4.110671404560291,-0.06427085629768364,virginica
6.22044252659857,2.682277369780753,1.474197394422688,0.5239288867849006,virginica
7.2874125337151305,3.695129394118453,4.363202659263931,0.8950375702856835,setosa
7.756261197132582,2.423214572075792,3.758463636138759,-0.2193447887668299,virginica
7.829241856618374,3.545011667410602,7.3019833616809215,0.48234326804901695,virginica
7.899079606732825,2.0934038108583723,5.04455112442491,0.1032206454799591,versicolor
7.601783505002061,3.9003249388418393,5.252180210007311,0.6679914452106909,virginica
7.887711490341517,2.903919539337066,1.7323612293005481,0.8654933878845539,setosa
6.288173736004637,3.5166227111887114,2.2023728451501285,0.7093824462218663,virginica
5.946382574060823,2.253011787799116,4.802283327272129,0.011202436002586358,virginica
6.678606140315799,4.224224924988002,4.93108382054826,-0.0037072179957781115,virginica
7.606425485861845,2.455527031039708,1.1869425519491597,0.4198405791918154,setosa
7.52303067238337,2.5890268400114484,6.350631756605711,-0.32114052442810687,setosa
7.920496264601599,2.0315914705526033,2.3493722022762333,-0.3658654243067457,virginica
7.959334234170042,2.791146382928541,0.9227639519737175,0.37127943498644456,virginica
5.360857657141227,3.2584266487497255,4.322302327286176,1.634897443366083,versicolor
6.45380824888313,2.2767759880869876,6.41050210389486,-0.17324613336437183,setosa
8.388361995148374,2.6087759584987156,2.184570482168956,1.106356953555042,setosa
8.771261199633626,3.254004983743141,4.580865357676969,0.4576314134576267,setosa
8.775766838746613,3.38512914198757,0.6755099872637098,-0.08892930472643246,virginica
8.652285230633025,3.8705392383408985,3.5376606156647696,1.8175010231406474,virginica
8.765445441843966,2.5491428374115337,5.214122967132849,0.04528611109429867,versicolor
8.337822877708739,3.997069420572917,2.234629142279373,1.1134284298458628,setosa
6.200284131861344,2.884841472090275,2.3208861482245733,-0.25479414265958605,virginica
5.670421414587194,2.499790097043802,4.449556030265782,0.43011426397664465,virginica
8.828565996869305,3.137881339690047,2.562459841740127,1.1207574116071104,virginica
6.209282315750672,2.8355073911689983,0.9377720116517053,-0.10865757904270518,versicolor
7.323263707791289,4.474136898863491,4.955294139466107,0.5984521190380792,versicolor
6.850883182774634,3.7949741855850023,1.4683206663735562,1.2517241715427638,setosa
7.3178412435020075,2.9972526138915567,4.986796221740227,-0.2559137664767856,virginica
6.414147464523122,4.067239244071047,0.8941870190304417,0.47836389446484984,setosa
5.539395590066043,2.9995763694541386,2.2510570078571512,-0.27167815154038505,versicolor
6.410040083633026,2.7477097625408504,1.8002712536619394,0.5859327567288006,versicolor
6.159942970679855,2.7192302793077867,1.739140585096024,1.0388582929451298,versicolor
6.516176729915246,3.8042451684382153,3.2673868785095816,0.8117757096919711,setosa
6.35892203152223,1.853288143518017,1.1760739079297986,-0.08781778138707524,setosa
6.348806597273415,4.179937978074356,4.045554638899306,-0.30325576208530797,versicolor
6.498159090339659,2.140219413215591,1.4394224588702482,0.6105976022079427,versicolor
8.164087902449563,3.2324078631012876,5.5077182936428475,-0.2781676082498435,virginica
6.731552498028266,3.897892616714306,2.4402647650105407,0.7353423405111025,virginica
5.533700787968182,3.4153799764808337,2.3711352611591483,-0.29583581940199505,setosa
6.8373075937823415,2.6280510766930827,3.43074754133365,0.10818818631280464,virginica
7.962251913165209,3.207765711737017,4.147376755848464,-0.2687638324123686,versicolor
8.996900601047855,1.72040843755878,7.262831550639152,1.1115123384306211,versicolor
6.456772938772182,3.1854820653809677,6.438332489738013,1.4143869821088875,versicolor
5.658663455556149,1.9236830368800066,4.337925225713893,0.13190339229672735,setosa
8.517147348791895,3.296455724902668,3.591524300583031,0.933647930075024,virginica
5.999885900104529,2.212754763096118,0.6235199804722233,-0.5015811626481992,virginica
8.617130379475572,2.7173105754406057,3.1552496304675266,0.9793812672492707,versicolor
6.366466036891612,2.6247851157417057,4.530544814425669,-0.41638271220919626,setosa
5.491698716330731,2.7531843488545484,6.01924187049631,-0.30142491156253787,versicolor
8.652289185059477,3.299421715531397,1.1484163446151334,-0.3233114049797193,versicolor
6.48184832540436,3.1422986337330103,4.673305889545437,-0.39640883425535184,virginica
6.10866821276854,1.8685901199732537,5.38973910444061,-0.28966800629953154,versicolor
6.081609418135953,2.9376048928188445,4.548623961264325,0.2416156631776205,versicolor
6.842250608584347,1.9902187566858,1.735346823504125,-0.29894293465367255,virginica
5.277269756968108,3.1020041629899615,1.3982130326188555,0.4662700168537657,virginica
8.563269715747918,2.8890525212007097,1.972583393939494,0.4248147700558509,setosa
6.364686020683704,3.744979122525364,0.8403106073959298,-0.1259480371196402,setosa
6.101969200136599,3.1548658434847425,1.541760939736059,-0.11536396702388274,virginica
6.694018252000792,2.577517956412095,6.720896251059493,0.19273161860345067,virginica
6.468072431787935,3.1419679593184795,5.432854088687542,-0.22163007372104843,versicolor
6.664948898431007,2.2139789662192326,4.076150962114615,0.5250691189186569,setosa
6.410172417726505,2.5564739289913865,6.95142622762195,0.6074027584748529,setosa
7.82309874109113,3.301368156436976,3.915616226788935,-0.3673794772561862,versicolor
6.726749775233419,2.9017810894365197,6.2986213237079065,0.11681399161629313,setosa
6.4553644037562075,2.79878339825902,4.285067583264916,-0.08321502336287179,versicolor
7.337030355757264,3.3474356831985768,4.302094311039218,1.1959274892448257,setosa
8.331940238532566,2.916849164226697,3.107108158093419,-0.3351217116333108,setosa
8.51584221613118,2.9332155666698054,5.144063608932297,0.21125352222337002,virginica
8.587787503612912,3.6198098899630917,7.381004449569469,0.885291641134362,versicolor
6.97711410587891,3.116970355940404,0.9886163682314226,0.145081693870394,virginica
8.855100026430016,3.9307568712987284,2.592251356665412,-0.41330006467651476,virginica
5.596332654465835,2.6227978770682565,3.762248147474689,0.5147668108077033,virginica
8.443944553698454,3.9486017939623905,7.0396783465118045,1.3371215255250501,setosa
6.562933315400729,3.0738943589094414,2.5275012725541353,-0.34560168702553423,setosa
8.63495487074175,2.6252439227762396,0.6583016108133287,0.8187276783729872,versicolor
8.83183372857126,3.2670949513419365,5.555892680062724,0.3608365173975212,versicolor
7.631429066419876,2.5338438155436522,0.8736938551609743,-0.22619104658242295,virginica
8.347712554401788,2.8804270434074564,1.3047455723204158,1.3165073768998254,setosa
6.220346643172196,2.162442056114183,1.8715751986820026,-0.1770784433010078,setosa
6.365480051691086,2.5194974134384056,4.762000423034434,0.511388631536845,setosa
8.357290691063062,2.47227231255955,6.869807849100345,0.3766865275419402,versicolor
7.753223509891178,4.423646542664619,1.4500504637034746,0.44628289143741307,versicolor
5.982078733735776,2.330156883553437,1.1223178911842657,0.8245115228469796,setosa
6.595353137327551,2.1033961991488614,0.4682306351390013,0.2234852932303828,setosa
6.4076905655597844,3.257710075581899,6.101132519641167,-0.24984543959486066,versicolor
8.485950706581214,2.7095872504402916,0.614144421643356,0.2948140738545285,setosa
6.143004313607966,1.9571448348526779,3.9367774418537143,1.2032661862226046,setosa
6.6498862214403465,3.46578643272489,2.527371894535524,1.1619834106342943,versicolor
5.971783184020473,2.411901690519468,4.505245035560156,1.781115460995066,virginica
6.699287885393634,2.6945957245742376,6.605279978314252,1.1037449183491375,setosa
5.744350155211027,3.64132319000376,4.299096717164504,0.7960742483422569,virginica
8.066432825424965,3.1477016983935346,3.7306872011473855,0.4495579640554066,virginica
8.368784489442907,2.9762560560931464,1.567958328721088,-0.00593026467449248,virginica
8.55465749073042,2.40080070938847,2.545945130512609,2.122019901926406,virginica
5.848769184061041,3.293079585458766,5.498873675551954,0.8686872914353986,virginica
6.477357945276028,2.387818499898592,5.968495659050652,-0.33585365275729345,setosa
5.962271323647935,2.7679361828810487,4.948513839746888,-0.45587261295579057,virginica
5.948420123594631,1.9837051639664622,1.1647091751597212,1.056658920086119,setosa
6.222688251129996,2.2508276637463775,2.9446639551675835,0.06405572592727124,virginica
7.892249280660873,3.1343252496380667,5.0732578593184705,0.33882110748637406,setosa
6.216414353756348,3.8942386443162293,1.9030983362458609,0.5847960763946363,setosa
6.594618565525945,2.4894900811493286,0.5821179669212639,0.6670458308016425,setosa
6.762653682332182,3.0905638694650017,5.881496790264356,1.1927557322090847,setosa
7.032191873295826,3.029072383728153,4.329173511795,-0.2714692494813073,setosa
7.512445188566369,2.1852388175835067,0.7947988775128833,0.8033815536795235,versicolor
8.145391374184946,4.548283264690923,5.6191505067198095,0.5782461400880372,versicolor
8.073387629964358,2.7378342350954306,2.042130207375614,1.0369116456069267,setosa
8.951338043332154,3.636368091477076,6.914795209736836,0.9684406798586785,versicolor
8.300896959295585,4.396949110131403,0.7691606065040848,0.9280958405244158,versicolor
6.721105182125894,2.48127750456821,4.198381448240707,-0.26430329597421226,virginica
6.691416465381015,2.798395705068335,4.728986741819299,-0.2488458738862101,setosa
6.774759184088538,1.9118139159715681,2.032542667639329,-0.27915249332709663,virginica
5.408289595455951,4.468931636395229,1.3374131815513393,0.30738935052975425,versicolor
8.046905695673862,1.983192094493102,1.911616071669546,0.25313132870805033,versicolor
6.485177094390657,2.4578521286164445,6.0315171990947665,1.7015772672665415,virginica
8.832589883681498,3.1393151061532354,5.053568289619653,-0.4032261108892216,setosa
8.265486102008268,2.7566994463650643,6.678507388910952,0.3386447690814165,setosa
8.962913337283224,2.3168149471904873,1.7742052494952536,-0.23678689919140566,virginica
8.201590479398353,2.6807219987296143,2.068428725317448,0.6414988854473342,virginica
6.548010561938634,2.716763940674596,0.2675875372928267,1.0932907708056216,setosa
6.723784871557463,2.4148455722314486,2.569296239099274,-0.3878636615590308,versicolor
5.921464481143148,2.461173405444428,2.1761447779917082,0.25999612160201946,versicolor
6.592168460714444,4.018645222008138,3.9963917239060587,1.326618540737143,setosa
8.718907860110491,3.2823196974633806,5.202971824310162,-0.431849683834127,setosa
5.9394287274395,3.3914775721817714,2.7217341348061113,-0.34336657277279076,setosa
8.252770729717954,4.654673173647447,4.08753660493158,1.1239255123785652,versicolor
7.903971576117004,3.0944580843333176,5.095074348243214,1.1741870806386516,versicolor
6.820540954574944,2.795636387156991,4.514122316060384,-0.2491044715454232,versicolor
5.57690519715285,2.7654294834386532,1.5244782838688438,0.9575793811707453,virginica
6.724973099169026,4.384198861099993,0.06251897789343541,-0.31604377978592274,versicolor
6.712031829625206,3.7570180919211795,6.8679318491461165,-0.3211477934786047,setosa
8.390146129204524,3.1387577996041145,5.516955766536905,-0.39312341347087504,setosa
7.957897917710075,3.0937202602203113,1.0814617795401762,1.8274620450966785,versicolor
6.354143787327872,1.905129080264655,5.810467876877672,0.8112889564508132,setosa
6.862308767298184,2.9365366429934343,5.874935118571244,0.7680578620891977,setosa
8.39666525910787,2.408885561269112,1.9160712587391846,0.4135688323650324,setosa
8.973283906619143,4.200641947720574,1.7783788691401772,0.6719244364707729,virginica
7.636125635557854,2.1777269372662116,4.1847192002641345,-0.2783232514487379,versicolor
6.191866700096308,2.9380079603183944,1.217421263196377,-0.025633049803888863,virginica
8.573141167692974,2.205699971350985,6.427256259082187,0.8820574142116777,versicolor
6.674494590581078,2.732410266535167,6.482405302913181,0.61813076209476,virginica
6.564216250610695,3.159381634378523,1.9571082639003894,2.5704512625471017,versicolor
6.424358140837599,2.319680557025294,4.981912996526715,-0.4777197679820426,versicolor
5.433567785689788,2.8137414590215966,5.455195126343989,0.14325640832658482,setosa
8.417972568488668,2.9942174079762696,1.1907464752153951,-0.1514389343607908,versicolor
5.892143981408072,2.615767839454733,5.177674335336213,-0.1914798101310659,versicolor
6.104059822269287,3.7220010815367783,1.298369540712514,0.04162265217380148,setosa
8.285591093816102,3.5307900406365498,6.414072220987712,1.0205720616746152,setosa
6.362594890530263,3.786033067490109,2.9266143756101033,-0.32079911660537935,virginica
6.38434963207849,2.435074937344684,1.361622323062245,0.36407669880775706,virginica
6.800979260584233,3.330293982527714,4.757704750025172,0.0025668040111813117,versicolor
5.861163159131022,2.786737470703922,2.096690332077711,0.530712406147027,virginica
6.795240044257099,2.3777511328229073,5.00488639025476,-0.3583716508752394,virginica
6.766058024988988,2.6539252507815076,5.606915641260188,1.4026655211315038,setosa
7.226392552827885,2.7213073537831654,0.3794045064987184,0.09225475994266907,versicolor
8.307061394339353,3.2619126211118377,6.472569539229985,0.16579591960863338,virginica
5.471005827610533,2.3795985114761646,2.4176584966767725,-0.12378720496136303,virginica
8.368503381301652,2.3185091904697677,1.5302665506798705,0.2011808275095759,versicolor
8.359222342419026,3.139562882049714,4.98136414600625,-0.23828641403985046,setosa
6.667108466840183,1.9016374439145818,4.7663949388355755,1.0290294710592103,virginica
6.119981922613398,3.032934073977395,6.704659661692784,0.8296506634626597,virginica
8.808313315830071,1.829787292211093,4.277067909997275,0.8888744145081942,versicolor
8.070367135881442,2.9475663102644374,0.6438243676700003,-0.10219287511304648,setosa
6.662419264891277,2.899615134643386,6.627413516565954,0.31039291402866453,virginica
6.516758978547864,2.6143394405145424,0.6151682365226191,1.1189399348628963,setosa
6.728423940477419,3.020587845840961,3.195046234711721,0.12315646104083644,virginica
6.212656800880391,3.264659558487815,5.691064475777571,1.2804923379653677,virginica
6.687816721494095,2.2137574198816345,2.566424361364687,-0.07682937629614356,setosa
6.612745450209396,2.823338718141317,0.9289589591150924,0.6130771761820006,setosa
8.596499277018047,3.092561577761539,5.461901941933119,0.5199766740211436,setosa
8.297879559981196,2.482272286784842,6.752309537126423,0.5194111021684493,virginica
8.402956923524439,3.779405003619751,6.070564027415629,-0.3707698954367425,setosa
6.679471991833603,2.9712621210197936,0.44064420354469025,-0.38267346448332246,virginica
6.486320640539317,3.6234280819295597,3.500219227802645,2.363122743978238,virginica
6.643683942679487,3.094237412573152,1.4525408465173923,0.7352774679361999,virginica
7.261704635419698,3.2040077184485134,3.023642164207514,0.5342136448272816,virginica
6.6430089105306,2.89138634896869,3.805551355775404,0.07102272876928728,versicolor
7.922198387291768,2.4704851264394954,4.6152711293989706,-0.23403240415407323,setosa
8.798781084901957,3.944856093239979,4.243200866720119,0.0023326265608301644,virginica
8.537469490191414,2.873987717365753,0.33721019662811647,0.025562065179949495,setosa
6.5726066383323944,3.0829163692726373,5.069565497245234,0.19224024097411446,virginica
6.579308964661345,4.099145042917193,2.4823848003749114,-0.37066176237182075,setosa
7.018237819902348,2.629839324618731,7.466713631296341,-0.34476897690739555,setosa
8.465593663069967,2.641744310396758,4.358363690608519,0.16438804892914316,versicolor
6.829200546744073,2.758475974751069,0.9200429279612365,-0.3816138934754643,virginica
6.819588769203112,1.874424735603257,0.7334174408238496,0.5817667047366608,setosa
8.045650595104345,2.4330958914961336,4.260652709088619,1.942626574427279,versicolor
7.516800731405768,4.061521962189499,4.891823416392507,1.5136912506969815,virginica
6.051722329658966,4.2943491104737666,5.531430397581972,-0.1277802654362955,virginica
6.508519417486827,2.286887969490783,3.3305818463850696,-0.336042172968897,versicolor
6.813086226735804,2.5749893613500263,0.41212048844226845,-0.30715054784811796,versicolor
7.987236323351528,2.8463835698333178,4.032474476325421,0.1807539474954496,setosa
8.096542000361369,3.262728403257068,4.183311747352879,0.9319217032409188,versicolor
7.472289449365725,3.2677405232428978,4.698256095074699,-0.2879693289694733,virginica
7.710388990632536,2.980154521041213,5.51111020181205,-0.14787790728913863,setosa
8.501804861884834,3.41713782782678,5.53062058120512,0.24908634788429518,setosa
8.858444955413574,2.895858985494166,4.570717640304637,-0.21274686642151186,virginica
7.996630837080165,2.8662180448599024,3.652906479576897,0.23983986784626676,setosa
5.907842995118023,3.9819419713961635,6.219736119494551,1.9278713020424296,virginica
6.59346304731067,3.5923894331739783,5.105447129243492,0.1374351516030986,setosa
6.5987540593938965,3.1393644733196076,4.9044712142939835,-0.22933978071146044,virginica
6.327159497431274,3.556104330653309,2.032693364222141,0.768510507607802,setosa
6.60653729230868,2.4476179760050902,6.0243379109342685,0.6247308395730529,versicolor
6.22540600608289,3.896229415800198,1.4737117390663372,0.024491305535540853,versicolor
6.093576995226217,3.081655052676196,3.5129571648241966,0.027630490127649843,versicolor
6.189263523861656,2.314853015490386,3.8350434479842814,0.8635663799088014,setosa
8.687945732581568,3.4307254832623273,2.723355602799689,0.4365662124003795,virginica
8.790330303642646,3.435258806468557,1.2336148864667744,0.85076945490787,versicolor
7.210393717095601,2.7616900403549507,2.7075493576690937,0.21286165172103821,versicolor
6.199685742317486,2.4697869432757917,5.174718890564452,-0.15593139760897679,setosa
8.312397978801995,4.958184693901751,3.169133922434819,0.850849527095733,setosa
8.870134927731751,2.649764031924172,0.58678060404868,-0.07295190797716655,setosa
6.49732093878314,3.6652505495381194,3.3273727772499297,0.3673256552522792,virginica
6.808974515100493,2.6964766768809194,0.9370511613310045,0.5314383313048348,versicolor
6.187902342644883,3.6150672054699227,6.559331467148579,0.4333329256599401,setosa
7.796426650467771,2.4991932919329582,4.527282322875264,-0.3224827332229682,virginica
6.3111758264588556,3.005450443033855,2.5728617296769594,-0.12287246859692058,versicolor
6.295551210591442,2.311162388262699,0.19422150569920227,-0.3646706394576014,setosa
7.684441247776217,2.4982830201845965,0.8280334715059362,1.0084971966378182,versicolor
8.700048512635007,3.051413352834782,1.8686822642820387,0.28222422363159616,versicolor
7.37334153278873,3.0648860626015275,4.7854526242811115,1.4030361618654084,setosa
5.963757196076374,4.219234603136558,1.4573164307860056,-0.16977494795606196,setosa
5.981542449287484,2.7294613445754137,4.85216714919864,-0.22972599059052412,setosa
7.539575562829187,2.7618070094618,1.5686147388363652,0.8800120999701002,versicolor
8.74768147049566,2.462176789342638,1.745066857855016,1.7117146582710674,virginica
6.893295331787125,3.8456271790248593,0.9795672400956672,1.012458811224025,virginica
8.30018155197096,2.745557567522442,1.5047750074636717,-0.14296360156140947,setosa
5.872132351380335,3.5287922459316423,6.5626773258500775,-0.12068094489209713,versicolor
7.638815075374113,3.3867362004660504,3.43196455579049,-0.3194866491543849,virginica
6.491300699570903,3.3231039699522418,5.784101612471058,0.20878039526028638,versicolor
7.534411339780373,2.280241426958931,1.7901492831872368,-0.46755934575091923,setosa
8.28361955433245,3.2423014773017393,1.4345899999984635,0.2416227047858776,versicolor
6.557682878241431,1.9493503765628992,4.10006628763908,0.2987596266325956,virginica
5.305969285917607,2.537505942362934,4.932943571079664,-0.31153483052124825,versicolor
6.381510648888899,2.9458827705309814,4.123614576258668,-0.4431120561126119,setosa
6.581326685459821,2.0421615537277997,6.530678532124936,-0.25625123095839336,virginica
8.10144256632479,3.1395373184401425,1.7101269227702878,-0.31549090435688293,setosa
8.047322457835577,2.6751913498784816,0.07267436665796567,0.5168182884662198,virginica
7.5121648541172465,3.254356795321023,0.7261181111049908,0.7742172049053602,versicolor
5.653083296685473,2.2895682511524846,5.50951699088408,-0.25613126787011237,versicolor
8.472337851417901,2.7684425119124416,5.229384062693549,0.38886951353690824,virginica
6.315058731099915,3.9215139092654505,1.0986915793142868,0.1546241874215355,setosa
6.692386309670302,2.9623849167548073,4.731302853899286,1.2745707829086612,virginica
8.659322734264741,1.791324357188475,0.5696511639035813,-0.33619548817122674,virginica
7.749031989783742,3.8675317852917948,4.908059600978419,1.5274852912010466,versicolor
5.349883521069762,3.240697809544657,5.930042189444791,0.32366735252502044,setosa
8.628583258138217,1.881925162583513,0.9709753349252801,0.517993202878346,virginica
6.295078420853591,2.486406336186539,4.504910132628098,0.19168174842990493,virginica
6.665655036574402,2.596826514522003,6.262236607565898,1.6060570918400046,setosa
4.687367713532492,2.497400214024699,1.2468194584691301,0.7796096724037118,versicolor
5.6280506674340645,2.3909591642776467,4.826679202897542,0.4965187091504568,versicolor
6.190082434596829,1.9085433833474068,3.778809347843244,-0.08501330568880361,virginica
6.8307645864949915,4.4766610143231995,1.27038807402838,0.13815278570682565,virginica
5.534309091879706,3.4915156502940365,4.639360713155046,-0.2848008781348372,versicolor
6.342046227800071,2.694179822757389,1.8336903553758663,-0.32914417661740764,setosa
6.6255734126941785,2.168942023267755,0.7164202072046518,1.8137850311659383,setosa
6.012815144135008,3.3216480471720966,4.656637819182709,-0.19073865204109253,virginica
6.404096059452009,1.7626113804563228,5.198004193945259,0.19280401263631308,virginica
8.317572431780107,4.587499997220683,6.242019129788963,-0.051127106468948635,setosa
6.105579954049067,2.50232148968343,3.717313227871366,-0.1452492190865658,setosa
8.305981320123228,2.434212741710784,6.289194418905176,0.741103254984787,virginica
8.115108376416241,2.3704131779527895,1.0878837482016497,0.07572065157090652,versicolor
8.37948843412188,1.9671917640556913,2.2843275343687335,1.1507402934902107,versicolor
6.40221836907555,3.745353782326461,3.5109919849172124,-0.17862190502337738,virginica
7.921420396870252,2.437158326524251,5.855101738649516,1.2361119752739747,setosa
7.584190175751734,2.8950583623458,5.418597626432088,2.1818782237549454,versicolor
7.799284325339821,1.974165961073651,1.6904256230874046,0.14431275531115162,setosa
7.082068452373182,4.161932659261517,0.4093852171338108,0.14358201273648025,virginica
8.461658321023979,2.8169589032494518,3.450982432351924,-0.17496091662984675,virginica
5.3619787289416205,3.059800188189262,3.3898812809292673,0.722283626987295,virginica
8.761553082694196,2.2661024957064546,6.417607712907032,0.008096080913052528,virginica
8.24017381828961,3.0696599596062186,1.7123313251643215,0.5395948301386937,versicolor
8.905106499819738,2.6675222095285456,1.532199108642997,-0.22047752538100585,setosa
7.78457042030703,2.887497888958009,4.829827023724272,0.6783354347345049,virginica
8.829120476230496,1.7774520348493106,5.199677374932444,0.17787880047289362,setosa
8.249607704351181,2.739542586985836,5.105157067924247,0.8237043763896759,setosa
8.130705322068902,2.2209605470903764,1.4644025093881552,1.2129654718881064,setosa
6.6252230636044285,2.0633637727547587,2.7491223613711,-0.3727142001594393,setosa
7.455579504598438,2.706986428643825,4.534814958918545,1.2056497049106354,setosa
7.437109840060051,3.029893545654905,4.5714284880713905,0.6662142918383166,virginica
6.105370229096397,2.0533401818423593,0.8938302604536148,-0.1121345369322927,virginica
7.870749235973439,3.176633740888152,4.839181419488103,0.7850195855059423,setosa
4.660083053035994,3.5808493683150933,1.3622358603401805,-0.3335688904145487,setosa
8.531599402020936,2.217367995212009,6.613674569803829,1.0027428634398483,versicolor
8.690934075458115,3.74492286535397,4.839925181300624,0.2972857342665698,setosa
8.5103686021954,3.737527797349053,2.66419423005431,-0.21824022566209972,versicolor
8.630980844089168,2.607456700422268,6.631678854802912,0.12902654111963097,setosa
7.759560564246151,3.0429977468615417,4.16326226206031,-0.35912653939393085,virginica
8.070195204296576,3.3239909638894853,4.316380718030501,0.09949802842258393,setosa
6.453782915135024,2.5837517230715514,2.504658142924755,0.7468207121458154,virginica
8.217110399700996,2.96761126757512,4.045725349057175,1.8605636942995467,versicolor
7.345874258585369,3.419246245329023,6.910798619213033,0.6865420766214286,setosa
7.9304478366652,2.8637822423038815,2.8856021332292716,0.009743114727482405,versicolor
6.406007741946179,2.573827887450082,6.400515962277788,0.7365200754699637,virginica
7.613003158469837,2.7801744496896883,1.5921112012698508,-0.014861124638403556,versicolor
6.843032747972059,2.9798910814776254,2.0771388516165823,-0.4495123838107377,versicolor
6.10733304325745,2.8163940984622093,2.5496881884923557,-0.08095719926608946,setosa
8.867713443290505,2.32235715128576,6.421473251175206,0.28800759801446607,virginica
6.162732929871472,3.345787433977931,2.431626503748465,0.7695158758217527,versicolor
6.588434565545363,2.8657276307237054,4.38624873188547,0.1581474439366794,setosa
5.766339634779674,2.8055693399607065,5.4557086659816365,-0.16960756975407631,versicolor
8.354672860751899,3.235528860720468,0.4312835205689749,-0.00584360619012636,setosa
6.05992661588087,2.4963669699759525,2.697388077092886,0.6135029742742764,virginica
6.319664449262872,1.6199675979318866,7.116134957158487,0.46544286540758306,setosa
7.534603301394876,2.639866876380374,1.347166568717352,-0.38953397533910733,virginica
7.4846962904269985,2.8085406788497846,7.599625983456484,1.4098086340861562,versicolor
7.576690004225145,2.4670302827483352,3.797881879838476,0.17267196297276136,versicolor
6.712613971364373,3.0261398835854236,4.518418353942477,1.447677150909958,setosa
6.730136103535436,2.6302458247878278,3.4524215914540575,2.0214349484236265,virginica
8.338087996212602,3.7515891046210745,2.0636996706484934,-0.20775131836468946,virginica
5.419879491257213,1.9971585021650529,1.5145813008518605,0.7284992762734617,setosa
5.184964983066917,2.3838601048822285,5.318146676420181,0.7513844612275761,setosa
7.061955035917689,3.8441639159100696,7.118689570252078,-0.14148009762811342,setosa
8.698448345374663,2.267075608489004,2.789789486824441,0.24824770873361346,virginica
6.631108569421595,3.159895272833005,6.044362232583284,-0.09115947792524265,setosa
7.581763361431356,2.678364950456713,1.3285752486265319,0.3791474478966239,setosa
6.52201599851338,2.268137583194874,1.4488184392598469,-0.05129873682792485,versicolor
7.833408790509175,3.165698397118833,4.05588511981477,-0.3870599801327494,virginica
8.929256869887874,3.4368972382063268,4.09001275778457,0.7275915825482936,virginica
8.16831655977933,3.416872464085153,3.699531288826725,1.3336311772891327,setosa
8.589000996738893,2.114446805830597,5.84984696594802,-0.4066934954868137,versicolor
6.625480629177911,3.5012480041506557,1.2123510591204525,-0.23198671280547878,versicolor
8.042000831420818,2.5213446091403706,6.367920790200419,-0.2691510875143797,virginica
6.494157961619936,2.996619612313388,4.020977106931077,-0.34397465497750673,versicolor
6.740547475114036,3.656120964053192,7.550377914693451,-0.30496902502649575,versicolor
5.956998643791713,2.919279735192486,1.1589342013508341,1.311895756872092,virginica
6.241701496316783,3.0914761517848315,1.2339526573789266,0.739660702026927,virginica
7.817899873827965,3.0483791145311203,0.7243803076541923,0.3549040004881262,versicolor
6.704842924303108,2.8636665121056115,3.872829980381391,0.3933544962394797,setosa
6.611345820646489,2.1722154478654456,1.4223562149111637,0.8699238400169171,setosa
6.497254557949496,2.5399907499975307,0.7428632409170725,-0.30188613994314434,setosa
6.311341725096238,3.6132153696121247,4.609834750681945,-0.10544596525135491,setosa
6.418566867399378,1.9923855854660777,0.7008756215976611,-0.3063936639037997,versicolor
5.05309215487526,2.7553350908295986,4.608656941181762,-0.3498889540050923,virginica
6.483210041088392,2.162622879995586,5.23116640356647,0.08059032152776838,setosa
8.909332406244149,4.37273268410415,4.756970839779101,0.985725408108916,virginica
7.76464440927904,2.1928330268513547,6.662151221910075,0.06479819054592886,setosa
7.901546309180891,3.4303997743747576,1.7678544125541342,-0.24892801890784882,virginica
7.956086446531932,3.8595854831085776,3.4385014664583444,0.285809138531653,virginica
8.316746816309584,2.768437864103729,1.3375298705719714,1.5897335236510741,virginica
6.029025322332049,2.7071521384313506,1.943318229625254,-0.4248777617141762,setosa
6.415849101384266,1.7570950400455312,0.9813502472833329,-0.2824764448302252,setosa
8.06341456645265,2.236619821676322,6.402306808462231,-0.24248360180539646,virginica
6.559965846281926,2.880287565573025,6.3823737805120295,0.20276931764479356,setosa
5.026455068272186,2.720364162997085,2.575848004817476,0.4239892900447704,setosa
8.0462815840208,2.8035868636054952,3.1285902599407978,-0.38513829023382357,versicolor
5.9240313136041465,3.2163430039632894,4.047992995959677,-0.2570685477931249,versicolor
6.574744721157735,2.3989235282127432,1.8288943331778453,-0.3945938521173286,setosa
6.230980083089024,2.2588315652902105,2.2492263350836814,0.6488514239970531,setosa
8.506213531583956,2.6813071884070583,4.946545731420886,0.31185855906354876,virginica
7.944659357607015,2.169893174250574,1.2771672203047972,0.5789144007348206,virginica
7.801993451322547,2.810488793504399,1.3277777405203097,0.7748753324768367,virginica
7.655728415206297,3.1974672598102556,5.8700372669899155,0.6712527284890915,versicolor
4.663038506432706,2.5220007750928444,2.7997084845116986,-0.2509166505855421,setosa
6.847328411291747,3.369384976556309,1.357095270955548,-0.012298736827789536,virginica
4.871916813433149,2.4887733469240887,1.0341534499205451,-0.012955659450229418,versicolor
9.049489314910673,3.8684830164490536,2.8175086420342725,-0.09579271370038961,virginica
6.109594230742539,2.255793592943562,1.673424015757861,0.24377870912920652,setosa
5.718859220284503,2.7313807154535805,6.806418215278325,0.751918484742717,versicolor
5.395281116654235,3.1431304066258794,2.574056228615727,0.2638963109482215,versicolor
6.104820369179711,2.4672036159323785,0.10242481584778851,0.4095298341236633,virginica
6.596142759256898,2.0560691204972317,2.0607986173850135,0.41526617471127825,versicolor
6.346350934002415,1.9821642684020424,3.73155595077744,0.36692983852714844,setosa
5.269895605293829,3.074881317449659,1.8322921561289816,0.1890671016066534,setosa
8.708420893091617,2.571036753262891,3.237555177767301,-0.19128482854124218,versicolor
8.103739572298593,2.9537867570469407,6.382734123887721,-0.3734014817574877,virginica
8.315104181947778,4.155129664010237,0.8633377471384202,0.9634437156913761,versicolor
7.484301965337109,3.0094526370213224,3.9400024144115804,0.4619052433657842,setosa
8.563785166639345,3.2332930588978535,5.6882369378059945,0.32553455446352353,setosa
8.850251899599979,2.3308724065957516,3.2591899726037648,0.10154244501764315,setosa
5.6705035622049955,3.410800291334308,1.7111665039587014,-0.4246520885778062,virginica
6.5595839159782106,3.3013969266878185,4.931700807924558,-0.41631291982239044,virginica
6.159741262736078,2.4788358975423614,0.2993648738543859,-0.32122319206121924,setosa
7.143882327353544,1.7848612601574851,1.8341063554664785,-0.3080931489061353,setosa
5.9516313097838145,2.436022439622414,4.386151851857788,-0.19698295645925212,setosa
6.564329878350088,3.311727592006579,0.2277553452875294,0.5166533387145751,setosa
6.237484763425371,3.2258039805695233,3.041499896146539,-0.138013378172397,setosa
7.000053733726423,2.5292228721732997,4.634146479083315,0.5656215818320163,virginica
7.919086941400456,2.540886151706128,0.9724521823887416,0.8892460476566906,virginica
5.779500463473741,2.2526163475360335,5.007124985730779,1.0829690322616052,setosa
